id,maxcp,statatk,statdef,statsta,buddydistance,candytoevolve,capturerate,fleerate,legendary,tier1,tier2,tier3,tier4,tier5
1,981,118,118,90,3 KM,25,20.00%,10.00%,No,3757,6507,8401,13283,17148
2,1552,151,151,120,3 KM,100,10.00%,7.00%,No,5238,9073,11714,18522,23912
3,2568,198,198,160,3 KM,,5.00%,5.00%,No,7614,13188,17026,26921,34755
4,831,116,96,78,3 KM,25,20.00%,10.00%,No,3380,5855,7559,11952,15430
5,1484,158,129,116,3 KM,100,10.00%,7.00%,No,5085,8807,11370,17978,23210
6,2686,223,176,156,3 KM,,5.00%,5.00%,No,8056,13955,18015,28485,36774
7,808,94,122,88,3 KM,25,20.00%,10.00%,No,3125,5412,6987,11048,14264
8,1324,126,155,118,3 KM,100,10.00%,7.00%,No,4503,7799,10069,15921,20554
9,2291,171,210,158,3 KM,,5.00%,5.00%,No,6834,11836,15281,24162,31193
10,393,55,62,90,1 KM,12,50.00%,20.00%,No,1504,2606,3364,5319,6867
11,419,45,94,100,1 KM,50,25.00%,9.00%,No,1534,2657,3431,5424,7003
12,1701,167,151,120,1 KM,,12.50%,6.00%,No,5743,9948,12843,20307,26216
13,397,63,55,80,1 KM,12,50.00%,20.00%,No,1598,2768,3574,5651,7296
14,392,46,86,90,1 KM,50,25.00%,9.00%,No,1501,2600,3357,5309,6854
15,1777,169,150,130,1 KM,,12.50%,6.00%,No,5789,10027,12945,20468,26424
16,580,85,76,80,1 KM,12,50.00%,20.00%,No,2336,4047,5224,8261,10665
17,1085,117,108,126,1 KM,50,25.00%,9.00%,No,3585,6211,8018,12678,16367
18,1994,166,157,166,1 KM,,12.50%,6.00%,No,5814,10071,13001,20557,26539
19,588,103,70,60,1 KM,25,50.00%,20.00%,No,2664,4615,5958,9421,12163
20,1549,161,144,110,1 KM,,20.00%,7.00%,No,5436,9415,12155,19219,24812
21,673,112,61,80,1 KM,50,50.00%,15.00%,No,2711,4697,6064,9588,12378
22,1814,182,135,130,1 KM,,20.00%,7.00%,No,5910,10236,13215,20895,26975
23,778,110,102,70,3 KM,50,50.00%,15.00%,No,3311,5736,7405,11709,15116
24,1737,167,158,120,3 KM,,20.00%,7.00%,No,5863,10156,13111,20731,26763
25,787,112,101,70,1 KM,50,20.00%,10.00%,No,3350,5803,7491,11845,15292
26,2025,193,165,120,1 KM,,10.00%,6.00%,No,6835,11839,15284,24167,31200
27,1194,126,145,100,3 KM,50,50.00%,10.00%,No,4368,7566,9768,15445,19940
28,2328,182,202,150,3 KM,,20.00%,6.00%,No,7108,12312,15894,25131,32445
29,736,86,94,110,3 KM,25,50.00%,15.00%,No,2582,4473,5775,9131,11789
30,1218,117,126,140,3 KM,100,25.00%,7.00%,No,3839,6649,8585,13574,17524
31,2338,180,174,180,3 KM,,12.50%,5.00%,No,6566,11373,14683,23216,29972
32,739,105,76,92,3 KM,25,50.00%,15.00%,No,2803,4856,6269,9913,12798
33,1252,137,112,122,3 KM,100,25.00%,7.00%,No,4195,7267,9382,14834,19151
34,2386,204,157,162,3 KM,,12.50%,5.00%,No,7035,12185,15731,24873,32111
35,1085,107,116,140,1 KM,50,30.00%,10.00%,No,3420,5924,7648,12092,15611
36,2353,178,171,190,1 KM,,10.00%,6.00%,No,6447,11167,14416,22795,29428
37,774,96,122,76,3 KM,50,30.00%,10.00%,No,3182,5512,7116,11251,14525
38,2157,169,204,146,3 KM,,10.00%,6.00%,No,6669,11552,14914,23581,30443
39,713,80,44,230,1 KM,50,50.00%,10.00%,No,1787,3095,3996,6319,8158
40,1906,156,93,280,1 KM,,20.00%,6.00%,No,4352,7539,9733,15390,19868
41,569,83,76,80,1 KM,25,50.00%,20.00%,No,2289,3966,5120,8096,10452
42,1830,161,153,150,1 KM,100,20.00%,7.00%,No,5587,9678,12494,19755,25504
43,1069,131,116,90,3 KM,25,60.00%,15.00%,No,4093,7089,9152,14471,18682
44,1512,153,139,120,3 KM,100,30.00%,7.00%,No,5106,8845,11419,18055,23309
45,2367,202,170,150,3 KM,,15.00%,5.00%,No,7229,12522,16166,25560,32998
46,836,121,99,70,3 KM,50,40.00%,15.00%,No,3556,6160,7953,12575,16234
47,1657,165,146,120,3 KM,,20.00%,7.00%,No,5594,9689,12509,19779,25535
48,902,100,102,120,3 KM,50,50.00%,15.00%,No,3046,5277,6813,10772,13907
49,1937,179,150,140,3 KM,,20.00%,7.00%,No,6104,10572,13649,21581,27861
50,465,109,88,20,3 KM,50,50.00%,10.00%,No,3082,5339,6892,10898,14070
51,1333,167,147,70,3 KM,,20.00%,6.00%,No,5674,9828,12687,20061,25899
52,638,92,81,80,3 KM,50,50.00%,15.00%,No,2567,4447,5742,9079,11721
53,1539,150,139,130,3 KM,,20.00%,7.00%,No,5015,8687,11215,17732,22892
54,966,122,96,100,3 KM,50,50.00%,10.00%,No,3535,6123,7905,12500,16137
55,2270,191,163,160,3 KM,,20.00%,6.00%,No,6732,11660,15053,23801,30727
56,1002,148,87,80,3 KM,50,50.00%,10.00%,No,4032,6984,9016,14256,18405
57,2105,207,144,130,3 KM,,20.00%,6.00%,No,6856,11876,15332,24242,31297
58,1110,136,96,110,3 KM,50,30.00%,10.00%,No,3896,6749,8713,13777,17786
59,2839,227,166,180,3 KM,,10.00%,6.00%,No,7974,13813,17832,28195,36400
60,695,101,82,80,3 KM,25,50.00%,15.00%,No,2798,4847,6257,9894,12773
61,1313,130,130,130,3 KM,100,25.00%,7.00%,No,4276,7407,9563,15121,19521
62,2441,182,187,180,3 KM,,12.50%,5.00%,No,6858,11878,15335,24247,31303
63,1148,195,103,50,3 KM,25,50.00%,99.00%,No,5587,9678,12494,19755,25504
64,1859,232,138,80,3 KM,100,25.00%,7.00%,No,7483,12962,16734,26458,34158
65,2887,271,194,110,3 KM,,10.00%,5.00%,No,10127,17541,22646,35807,46226
66,1199,137,88,140,3 KM,25,50.00%,10.00%,No,3778,6544,8449,13359,17247
67,1910,177,130,160,3 KM,100,25.00%,7.00%,No,5663,9808,12663,20022,25848
68,2889,234,162,180,3 KM,,10.00%,5.00%,No,8114,14054,18144,28689,37037
69,916,139,64,100,3 KM,25,50.00%,15.00%,No,3352,5807,7497,11853,15303
70,1475,172,95,130,3 KM,100,25.00%,7.00%,No,4804,8320,10742,16985,21927
71,2268,207,138,160,3 KM,,12.50%,5.00%,No,6726,11650,15040,23780,30701
72,956,97,182,80,3 KM,50,50.00%,15.00%,No,3850,6669,8610,13613,17575
73,2374,166,237,160,3 KM,,20.00%,7.00%,No,7038,12190,15737,24883,32124
74,1193,132,163,80,1 KM,25,50.00%,10.00%,No,4803,8320,10742,16984,21927
75,1815,164,196,110,1 KM,100,25.00%,7.00%,No,6368,11031,14241,22517,29070
76,2916,211,229,160,1 KM,,12.50%,5.00%,No,8647,14977,19335,30572,39469
77,1502,170,132,100,3 KM,50,40.00%,10.00%,No,5494,9516,12285,19424,25077
78,2252,207,167,130,3 KM,,15.00%,6.00%,No,7336,12706,16403,25936,33484
79,1204,109,109,180,3 KM,50,50.00%,10.00%,No,3382,5858,7562,11958,15437
80,2482,177,194,190,3 KM,,20.00%,6.00%,No,6799,11776,15203,24038,31033
81,1083,165,128,50,3 KM,50,50.00%,10.00%,No,5272,9132,11789,18641,24065
82,2237,223,182,100,3 KM,,20.00%,6.00%,No,8182,14172,18296,28929,37347
83,1092,124,118,104,3 KM,,30.00%,9.00%,No,3926,6801,8780,13882,17922
84,1011,158,88,70,3 KM,50,50.00%,10.00%,No,4300,7449,9616,15205,19629
85,2138,218,145,120,3 KM,,20.00%,6.00%,No,7219,12504,16142,25523,32951
86,899,85,128,130,3 KM,50,50.00%,9.00%,No,2929,5073,6549,10356,13369
87,1894,139,184,180,3 KM,,20.00%,6.00%,No,5321,9216,11898,18813,24288
88,1269,135,90,160,3 KM,50,50.00%,10.00%,No,3764,6521,8418,13311,17184
89,2709,190,184,210,3 KM,,20.00%,6.00%,No,7083,12269,15839,25044,32332
90,958,116,168,60,3 KM,50,50.00%,10.00%,No,4340,7518,9706,15347,19813
91,2475,186,323,100,3 KM,,20.00%,6.00%,No,9051,15678,20240,32002,41315
92,1002,186,70,60,3 KM,25,40.00%,10.00%,No,4539,7862,10150,16048,20718
93,1716,223,112,90,3 KM,100,20.00%,7.00%,No,6569,11379,14690,23227,29987
94,2619,261,156,120,3 KM,,10.00%,5.00%,No,8840,15312,19768,31256,40351
95,1002,85,288,70,5 KM,50,20.00%,9.00%,No,4263,7385,9534,15074,19461
96,992,89,158,120,3 KM,50,50.00%,10.00%,No,3350,5803,7492,11846,15293
97,2048,144,215,170,3 KM,,20.00%,6.00%,No,5906,10230,13207,20882,26959
98,1386,181,156,60,3 KM,50,50.00%,15.00%,No,6278,10874,14038,22196,28655
99,2694,240,214,110,3 KM,,20.00%,7.00%,No,9452,16371,21135,33418,43143
100,857,109,114,80,3 KM,50,50.00%,10.00%,No,3449,5975,7713,12196,15746
101,1900,173,179,120,3 KM,,20.00%,6.00%,No,6414,11109,14342,22677,29276
102,1102,107,140,120,3 KM,50,50.00%,10.00%,No,3720,6444,8319,13153,16981
103,2916,233,158,190,3 KM,,20.00%,6.00%,No,7990,13839,17866,28249,36469
104,943,90,165,100,3 KM,50,40.00%,10.00%,No,3450,5976,7715,12199,15750
105,1691,144,200,120,3 KM,,15.00%,6.00%,No,5710,9891,12769,20190,26065
106,2406,224,211,100,5 KM,,20.00%,9.00%,No,8800,15243,19679,31115,40170
107,2098,193,212,100,5 KM,,20.00%,9.00%,No,7676,13295,17164,27139,35037
108,1322,108,137,180,3 KM,,20.00%,9.00%,No,3714,6433,8305,13132,16954
109,1091,119,164,80,3 KM,50,50.00%,10.00%,No,4391,7606,9819,15526,20044
110,2183,174,221,130,3 KM,,20.00%,6.00%,No,7112,12318,15902,25144,32461
111,1679,140,157,160,3 KM,50,50.00%,10.00%,No,4979,8624,11134,17604,22727
112,3300,222,206,210,3 KM,,5.00%,6.00%,No,8630,14947,19297,30512,39391
113,1469,60,176,500,5 KM,50,20.00%,9.00%,No,2538,4397,5677,8976,11588
114,2208,183,205,130,3 KM,,40.00%,9.00%,No,7193,12459,16085,25433,32834
115,2463,181,165,210,3 KM,,20.00%,9.00%,No,6441,11156,14402,22773,29400
116,921,129,125,60,3 KM,25,50.00%,10.00%,No,4173,7228,9332,14755,19049
117,1979,187,182,110,3 KM,100,20.00%,6.00%,No,6944,12028,15529,24553,31698
118,1006,123,115,90,3 KM,50,50.00%,15.00%,No,3854,6675,8618,13626,17591
119,2040,175,154,160,3 KM,,20.00%,7.00%,No,6050,10479,13528,21390,27615
120,926,137,112,60,3 KM,50,50.00%,15.00%,No,4195,7267,9382,14834,19151
121,2303,210,184,120,3 KM,,20.00%,6.00%,No,7774,13466,17384,27487,35486
122,1984,192,233,80,5 KM,,30.00%,9.00%,No,7984,13830,17854,28231,36446
123,2464,218,170,140,5 KM,50,30.00%,9.00%,No,7762,13445,17358,27445,35432
124,2512,223,182,130,5 KM,,30.00%,9.00%,No,8182,14172,18296,28929,37347
125,2196,198,173,130,5 KM,,20.00%,9.00%,No,7153,12390,15996,25292,32652
126,2254,206,169,130,5 KM,,20.00%,9.00%,No,7343,12718,16419,25961,33516
127,2770,238,197,130,5 KM,,30.00%,9.00%,No,9023,15628,20176,31902,41185
128,2488,198,197,150,3 KM,,30.00%,9.00%,No,7596,13157,16986,26858,34673
129,220,29,102,40,1 KM,400,70.00%,15.00%,No,1165,2019,2606,4121,5321
130,3281,237,197,190,1 KM,,10.00%,7.00%,No,8987,15566,20096,31775,41022
131,2603,165,180,260,5 KM,,5.00%,9.00%,No,6156,10664,13767,21768,28102
132,718,91,91,96,3 KM,,20.00%,10.00%,No,2673,4630,5977,9451,12201
133,969,104,121,110,5 KM,25,40.00%,10.00%,No,3399,5887,7601,12018,15515
134,3157,205,177,260,5 KM,,12.50%,6.00%,No,7467,12933,16696,26400,34082
135,2730,232,201,130,5 KM,,12.50%,6.00%,No,8892,15401,19883,31437,40586
136,2904,246,204,130,5 KM,,12.50%,6.00%,No,9461,16386,21155,33449,43183
137,1567,153,139,130,3 KM,50,40.00%,9.00%,No,5106,8845,11419,18055,23309
138,1345,155,174,70,5 KM,50,40.00%,9.00%,No,5724,9915,12800,20239,26129
139,2685,207,227,140,5 KM,,15.00%,5.00%,No,8459,14652,18915,29908,38611
140,1172,148,162,60,5 KM,50,40.00%,9.00%,No,5311,9200,11877,18780,24245
141,2517,220,203,120,5 KM,,15.00%,5.00%,No,8499,14720,19004,30048,38792
142,2608,221,164,160,5 KM,,20.00%,9.00%,No,7734,13395,17294,27344,35301
143,3355,190,190,320,5 KM,,5.00%,9.00%,No,7189,12452,16076,25419,32816
144,2933,192,249,180,20 KM,,3.00%,4.00%,Yes,8238,14269,18421,29127,37603
145,3330,253,188,180,20 KM,,3.00%,4.00%,Yes,9353,16200,20914,33068,42691
146,3272,251,184,180,20 KM,,3.00%,4.00%,Yes,9191,15920,20552,32496,41953
147,860,119,94,82,5 KM,25,40.00%,9.00%,No,3426,5935,7662,12115,15641
148,1609,163,138,122,5 KM,100,10.00%,6.00%,No,5393,9341,12059,19067,24616
149,3581,263,201,182,5 KM,,5.00%,5.00%,No,10008,17334,22378,35383,45680
150,3982,300,182,193,20 KM,,6.00%,10.00%,Yes,10829,18757,24216,38289,49430
151,3090,210,210,200,5 KM,,0.00%,10.00%,Yes,8267,14318,18485,29228,37733
152,801,92,122,90,3 KM,25,20.00%,10.00%,No,3067,5313,6859,10846,14002
153,1296,122,155,120,3 KM,100,12.50%,7.00%,No,4375,7578,9783,15469,19971
154,2227,168,202,160,3 KM,,5.00%,5.00%,No,6603,11437,14765,23345,30139
155,831,116,96,78,3 KM,25,20.00%,10.00%,No,3380,5855,7559,11952,15430
156,1484,158,129,116,3 KM,100,12.50%,7.00%,No,5085,8807,11370,17978,23210
157,2686,223,176,156,3 KM,,5.00%,5.00%,No,8056,13955,18015,28485,36774
158,1011,117,116,100,3 KM,25,20.00%,10.00%,No,3700,6409,8275,13083,16891
159,1598,150,151,130,3 KM,100,12.50%,7.00%,No,5207,9019,11643,18410,23768
160,2721,205,197,170,3 KM,,5.00%,5.00%,No,7846,13590,17544,27740,35813
161,519,79,77,70,1 KM,25,50.00%,20.00%,No,2208,3825,4938,7808,10080
162,1667,148,130,170,1 KM,,15.00%,7.00%,No,4807,8327,10750,16998,21944
163,640,67,101,120,1 KM,50,50.00%,15.00%,No,2163,3746,4837,7648,9874
164,2040,145,179,200,1 KM,,15.00%,7.00%,No,5458,9454,12206,19299,24915
165,663,72,142,80,1 KM,25,50.00%,20.00%,No,2670,4624,5970,9440,12187
166,1275,107,209,110,1 KM,,15.00%,7.00%,No,4472,7746,10001,15813,20414
167,685,105,73,80,1 KM,50,50.00%,20.00%,No,2757,4775,6165,9748,12585
168,1636,161,128,140,1 KM,,15.00%,7.00%,No,5155,8929,11527,18226,23530
169,2466,194,178,170,1 KM,,10.00%,5.00%,No,7112,12318,15903,25145,32462
170,1067,106,106,150,3 KM,50,40.00%,10.00%,No,3260,5646,7290,11526,14881
171,2077,146,146,250,3 KM,,15.00%,7.00%,No,5003,8667,11189,17691,22839
172,376,77,63,40,1 KM,25,0.00%,5.00%,No,1990,3447,4450,7036,9084
173,620,75,91,100,1 KM,25,0.00%,5.00%,No,2269,3931,5075,8024,10359
174,512,69,34,180,1 KM,25,0.00%,5.00%,No,1440,2494,3220,5092,6574
175,540,67,116,70,3 KM,50,0.00%,5.00%,No,2298,3981,5140,8127,10493
176,1543,139,191,110,3 KM,,5.00%,5.00%,No,5414,9377,12106,19141,24712
177,925,134,89,80,3 KM,50,40.00%,15.00%,No,3722,6446,8322,13159,16988
178,1975,192,146,130,3 KM,,15.00%,7.00%,No,6433,11143,14386,22746,29365
179,887,114,82,110,5 KM,25,50.00%,10.00%,No,3112,5390,6958,11002,14204
180,1402,145,112,140,5 KM,100,25.00%,7.00%,No,4416,7649,9876,15615,20159
181,2695,211,172,180,5 KM,,12.50%,5.00%,No,7570,13111,16927,26764,34552
182,2108,169,189,150,3 KM,,5.00%,5.00%,No,6437,11149,14394,22759,29382
183,420,37,93,140,3 KM,25,50.00%,10.00%,No,1323,2292,2959,4680,6041
184,1503,112,152,200,3 KM,,15.00%,7.00%,No,4020,6963,8989,14213,18349
185,2065,167,198,140,5 KM,,12.50%,5.00%,No,6506,11269,14548,23003,29697
186,2371,174,192,180,3 KM,,10.00%,5.00%,No,6660,11536,14893,23549,30401
187,508,67,101,70,3 KM,25,50.00%,12.00%,No,2163,3746,4837,7648,9874
188,882,91,127,110,3 KM,100,25.00%,7.00%,No,3094,5359,6918,10939,14122
189,1553,118,197,150,3 KM,,12.50%,5.00%,No,4743,8215,10606,16770,21650
190,1188,136,112,110,3 KM,,20.00%,9.00%,No,4168,7219,9320,14737,19025
191,316,55,55,60,3 KM,50,50.00%,9.00%,No,1434,2484,3207,5071,6547
192,2048,185,148,150,3 KM,,10.00%,7.00%,No,6254,10833,13985,22113,28548
193,1326,154,94,130,3 KM,,30.00%,10.00%,No,4321,7485,9664,15280,19726
194,596,75,75,110,3 KM,50,40.00%,10.00%,No,2091,3622,4676,7394,9545
195,1929,152,152,190,3 KM,,15.00%,7.00%,No,5286,9156,11820,18689,24128
196,3000,261,194,130,5 KM,,0.00%,5.00%,No,9773,16928,21854,34555,44610
197,2052,126,250,190,5 KM,,0.00%,5.00%,No,5622,9738,12571,19877,25662
198,1392,175,87,120,3 KM,,20.00%,10.00%,No,4700,8141,10510,16618,21454
199,2482,177,194,190,3 KM,,10.00%,5.00%,No,6799,11776,15203,24038,31033
200,1781,167,167,120,3 KM,,30.00%,7.00%,No,6014,10417,13448,21263,27451
201,1022,136,91,96,5 KM,,30.00%,10.00%,No,3808,6595,8515,13463,17381
202,1024,60,106,380,3 KM,,25.00%,7.00%,No,2020,3500,4518,7144,9223
203,1863,182,133,140,3 KM,,30.00%,7.00%,No,5870,10167,13126,20755,26794
204,1045,108,146,100,5 KM,50,40.00%,12.00%,No,3822,6621,8548,13516,17449
205,2263,161,242,150,5 KM,,15.00%,7.00%,No,6911,11970,15453,24434,31545
206,1615,131,131,200,3 KM,,30.00%,20.00%,No,4321,7484,9662,15277,19723
207,1758,143,204,130,5 KM,,20.00%,7.00%,No,5727,9920,12806,20249,26141
208,2439,148,333,150,5 KM,,10.00%,5.00%,No,7448,12900,16654,26333,33996
209,1124,137,89,120,3 KM,50,40.00%,10.00%,No,3796,6576,8490,13424,17330
210,2440,212,137,180,3 KM,,15.00%,8.00%,No,6855,11873,15328,24236,31289
211,1910,184,148,130,3 KM,,30.00%,8.00%,No,6223,10779,13915,22002,28405
212,2801,236,191,140,5 KM,,5.00%,5.00%,No,8824,15284,19731,31198,40277
213,300,17,396,40,3 KM,,30.00%,7.00%,No,1589,2752,3553,5618,7253
214,2938,234,189,160,3 KM,,30.00%,9.00%,No,8711,15088,19479,30799,39762
215,1868,189,157,110,3 KM,,20.00%,7.00%,No,6553,11350,14653,23169,29912
216,1184,142,93,120,3 KM,50,50.00%,20.00%,No,3996,6922,8936,14130,18241
217,2760,236,144,180,3 KM,,15.00%,7.00%,No,7752,13427,17335,27409,35385
218,750,118,71,80,1 KM,50,30.00%,10.00%,No,3021,5232,6755,10681,13789
219,1543,139,209,100,1 KM,,12.50%,6.00%,No,5645,9778,12624,19960,25769
220,663,90,74,100,3 KM,50,30.00%,10.00%,No,2426,4202,5425,8578,11074
221,2284,181,147,200,3 KM,,12.50%,6.00%,No,6110,10584,13663,21604,27891
222,1214,118,156,110,3 KM,,30.00%,12.00%,No,4260,7378,9525,15061,19444
223,749,127,69,70,1 KM,50,50.00%,10.00%,No,3187,5521,7128,11270,14550
224,2124,197,141,150,1 KM,,15.00%,7.00%,No,6485,11233,14503,22931,29604
225,937,128,90,90,5 KM,,20.00%,20.00%,No,3589,6216,8025,12689,16382
226,2032,148,260,130,5 KM,,30.00%,7.00%,No,6621,11468,14805,23409,30221
227,2032,148,260,130,5 KM,,20.00%,9.00%,No,6621,11468,14805,23409,30221
228,1110,152,93,90,3 KM,50,40.00%,10.00%,No,4251,7363,9505,15030,19403
229,2529,224,159,150,3 KM,,15.00%,6.00%,No,7722,13375,17267,27302,35247
230,2424,194,194,150,3 KM,,10.00%,5.00%,No,7401,12819,16549,26166,33781
231,1175,107,107,180,3 KM,50,50.00%,20.00%,No,3300,5717,7380,11669,15065
232,3022,214,214,180,3 KM,,12.50%,7.00%,No,8488,14702,18980,30011,38744
233,2546,198,183,170,3 KM,,5.00%,5.00%,No,7341,12715,16416,25956,33509
234,1988,192,132,146,3 KM,,30.00%,8.00%,No,6147,10647,13746,21735,28059
235,389,40,88,110,3 KM,,25.00%,7.00%,No,1367,2368,3057,4834,6240
236,404,64,64,70,5 KM,25,0.00%,20.00%,No,1719,2979,3845,6080,7850
237,1905,173,214,100,5 KM,,10.00%,5.00%,No,6968,12070,15582,24638,31807
238,1230,153,116,90,5 KM,25,0.00%,20.00%,No,4709,8157,10531,16652,21498
239,1073,135,110,90,5 KM,25,0.00%,20.00%,No,4107,7115,9185,14523,18750
240,1178,151,108,90,5 KM,25,0.00%,20.00%,No,4509,7810,10083,15943,20583
241,2312,157,211,190,5 KM,,20.00%,8.00%,No,6333,10970,14162,22393,28909
242,3219,129,229,510,5 KM,,5.00%,5.00%,No,5509,9543,12320,19479,25148
243,3349,241,210,180,20 KM,,2.00%,4.00%,Yes,9406,16291,21032,33255,42932
244,3377,235,176,230,20 KM,,2.00%,4.00%,Yes,8463,14658,18924,29921,38628
245,2823,180,235,200,20 KM,,2.00%,4.00%,Yes,7552,13080,16887,26701,34471
246,904,115,93,100,5 KM,25,40.00%,10.00%,No,3309,5731,7399,11700,15104
247,1608,155,133,140,5 KM,100,10.00%,7.00%,No,5065,8774,11327,17910,23122
248,3670,251,212,200,5 KM,,5.00%,4.00%,No,9816,17003,21951,34707,44807
249,3598,193,323,212,20 KM,,2.00%,4.00%,Yes,9366,16224,20945,33117,42753
250,3889,239,274,193,20 KM,,2.00%,4.00%,Yes,10576,18319,23650,37394,48276
251,3090,210,210,200,20 KM,,0.00%,4.00%,Yes,8267,14318,18485,29228,37733
252,923,124,104,80,5 KM,25,0.00%,4.00%,No,3714,6433,8305,13131,16952
253,1508,172,130,100,5 KM,100,0.00%,4.00%,No,5515,9553,12333,19500,25175
254,2584,223,180,140,5 KM,,0.00%,4.00%,No,8140,14100,18203,28782,37157
255,959,130,92,90,5 KM,25,0.00%,4.00%,No,3673,6363,8215,12989,16769
256,1472,163,115,120,5 KM,100,0.00%,4.00%,No,4971,8610,11116,17576,22690
257,2631,240,141,160,5 KM,,0.00%,4.00%,No,7801,13512,17444,27582,35608
258,981,126,93,100,5 KM,25,0.00%,4.00%,No,3589,6216,8025,12690,16382
259,1617,156,133,140,5 KM,100,0.00%,4.00%,No,5095,8825,11394,18015,23258
260,2815,208,175,200,5 KM,,0.00%,4.00%,No,7529,13041,16836,26620,34366
261,564,96,63,70,5 KM,50,0.00%,4.00%,No,2401,4159,5369,8489,10960
262,1783,171,137,140,5 KM,,0.00%,4.00%,No,5617,9729,12560,19859,25638
263,423,58,80,76,5 KM,50,0.00%,4.00%,No,1742,3018,3897,6161,7954
264,1533,142,128,156,5 KM,,0.00%,4.00%,No,4598,7965,10283,16259,20990
265,502,75,61,90,5 KM,12,0.00%,4.00%,No,1921,3328,4297,6794,8772
266,517,60,91,100,5 KM,50,0.00%,4.00%,No,1891,3276,4229,6687,8633
267,1573,189,98,120,5 KM,,0.00%,4.00%,No,5311,9200,11877,18780,24245
268,517,60,91,100,5 KM,50,0.00%,4.00%,No,1891,3276,4229,6687,8633
269,1121,98,172,120,5 KM,,0.00%,4.00%,No,3785,6555,8463,13382,17276
270,526,71,86,80,5 KM,25,0.00%,4.00%,No,2117,3666,4733,7484,9663
271,1102,112,128,120,5 KM,100,0.00%,4.00%,No,3720,6443,8318,13152,16979
272,2229,173,191,160,5 KM,,0.00%,4.00%,No,6609,11447,14779,23368,30167
273,526,71,86,80,5 KM,25,0.00%,4.00%,No,2117,3666,4733,7484,9663
274,1117,134,78,140,5 KM,100,0.00%,4.00%,No,3519,6096,7870,12443,16065
275,2186,200,121,180,5 KM,,0.00%,4.00%,No,6141,10637,13733,21713,28032
276,642,106,61,80,5 KM,50,0.00%,4.00%,No,2583,4475,5777,9135,11793
277,1747,185,130,120,5 KM,,0.00%,4.00%,No,5899,10217,13190,20856,26925
278,642,106,61,80,5 KM,50,0.00%,4.00%,No,2583,4475,5777,9135,11793
279,1969,175,189,120,5 KM,,0.00%,4.00%,No,6647,11513,14863,23501,30340
280,436,79,63,56,5 KM,25,0.00%,4.00%,No,2033,3522,4547,7189,9281
281,843,117,100,76,5 KM,100,0.00%,4.00%,No,3467,6005,7753,12258,15826
282,2964,237,220,136,5 KM,,0.00%,4.00%,No,9462,16389,21158,33455,43190
283,695,93,97,80,5 KM,50,0.00%,4.00%,No,2799,4849,6260,9898,12778
284,2135,192,161,140,5 KM,,0.00%,4.00%,No,6726,11650,15041,23782,30703
285,722,74,110,120,5 KM,50,0.00%,4.00%,No,2437,4221,5450,8617,11125
286,2407,241,153,120,5 KM,,0.00%,4.00%,No,8127,14077,18174,28735,37097
287,942,104,104,120,5 KM,25,0.00%,4.00%,No,3179,5507,7110,11242,14513
288,1896,159,159,160,5 KM,100,0.00%,4.00%,No,5622,9737,12571,19877,25661
289,5441,319,201,300,5 KM,,0.00%,4.00%,No,12024,20826,26886,42511,54881
290,674,80,153,62,5 KM,50,0.00%,4.00%,No,3016,5224,6744,10663,13766
291,1751,196,114,122,5 KM,,0.00%,4.00%,No,5870,10167,13126,20754,26793
292,421,153,80,2,5 KM,,0.00%,4.00%,No,4010,6947,8968,14180,18307
293,603,92,42,128,5 KM,12,0.00%,4.00%,No,1978,3427,4424,6996,9031
294,1233,134,81,168,5 KM,50,0.00%,4.00%,No,3576,6193,7996,12643,16322
295,2267,179,142,208,5 KM,,0.00%,4.00%,No,5954,10313,13314,21051,27177
296,745,99,54,144,5 KM,50,0.00%,4.00%,No,2319,4017,5186,8200,10587
297,2765,209,114,288,5 KM,,0.00%,4.00%,No,6231,10793,13934,22032,28444
298,316,36,71,100,5 KM,,0.00%,4.00%,No,1158,2006,2590,4095,5287
299,831,82,236,60,5 KM,,0.00%,4.00%,No,3764,6519,8417,13308,17181
300,659,84,84,100,5 KM,50,0.00%,4.00%,No,2412,4179,5395,8530,11013
301,1385,132,132,140,5 KM,,0.00%,4.00%,No,4365,7561,9761,15435,19926
302,1305,141,141,100,5 KM,,20.00%,7.00%,No,4772,8266,10672,16873,21784
303,1484,155,155,100,5 KM,,0.00%,4.00%,No,5429,9403,12140,19195,24781
304,1232,121,168,100,5 KM,25,0.00%,4.00%,No,4506,7805,10076,15932,20569
305,2004,158,240,120,5 KM,100,0.00%,4.00%,No,6766,11720,15131,23924,30886
306,3004,198,314,140,5 KM,,0.00%,4.00%,No,9463,16391,21161,33458,43194
307,555,78,107,60,5 KM,50,0.00%,4.00%,No,2516,4358,5626,8895,11484
308,1275,121,152,120,5 KM,,0.00%,4.00%,No,4304,7456,9626,15220,19649
309,810,123,78,80,5 KM,50,0.00%,4.00%,No,3259,5646,7289,11525,14879
310,2131,215,127,140,5 KM,,0.00%,4.00%,No,6713,11628,15011,23735,30642
311,1681,167,147,120,5 KM,,0.00%,4.00%,No,5674,9828,12687,20061,25899
312,1585,147,167,120,5 KM,,0.00%,4.00%,No,5353,9272,11970,18926,24434
313,1620,143,171,130,5 KM,,0.00%,4.00%,No,5278,9142,11802,18661,24091
314,1620,143,171,130,5 KM,,0.00%,4.00%,No,5278,9142,11802,18661,24091
315,1718,186,148,100,5 KM,,0.00%,4.00%,No,6285,10887,14055,22223,28690
316,788,80,99,140,5 KM,50,0.00%,4.00%,No,2484,4303,5555,8784,11340
317,1872,140,159,200,5 KM,,0.00%,4.00%,No,5008,8674,11198,17706,22859
318,874,171,39,90,5 KM,50,0.00%,4.00%,No,3348,5798,7486,11836,15281
319,1986,243,83,140,5 KM,,0.00%,4.00%,No,6256,10836,13989,22118,28555
320,1424,136,68,260,5 KM,50,0.00%,4.00%,No,3369,5836,7534,11913,15380
321,2258,175,87,340,5 KM,,0.00%,4.00%,No,4700,8141,10510,16618,21454
322,957,119,82,120,5 KM,50,0.00%,4.00%,No,3232,5599,7228,11429,14755
323,2016,194,139,140,5 KM,,0.00%,4.00%,No,6353,11003,14205,22461,28997
324,2036,151,234,140,5 KM,,0.00%,4.00%,No,6416,11113,14347,22684,29286
325,1285,125,145,120,5 KM,50,0.00%,4.00%,No,4337,7513,9699,15336,19798
326,2310,171,211,160,5 KM,,0.00%,4.00%,No,6849,11863,15315,24215,31262
327,1088,116,116,120,5 KM,,0.00%,4.00%,No,3672,6361,8212,12984,16763
328,1092,162,78,90,5 KM,25,0.00%,4.00%,No,4181,7241,9349,14782,19084
329,1065,134,99,100,5 KM,100,0.00%,4.00%,No,3896,6749,8713,13777,17786
330,2458,205,168,160,5 KM,,0.00%,4.00%,No,7289,12626,16300,25773,33273
331,1080,156,74,100,5 KM,50,0.00%,4.00%,No,3951,6844,8835,13970,18036
332,2092,221,115,140,5 KM,,0.00%,4.00%,No,6591,11416,14738,23303,30084
333,722,76,139,90,5 KM,50,0.00%,4.00%,No,2766,4791,6185,9779,12625
334,1868,141,208,150,5 KM,,0.00%,4.00%,No,5706,9883,12759,20174,26045
335,2214,222,124,146,5 KM,,0.00%,4.00%,No,6844,11854,15304,24198,31239
336,1928,196,118,146,5 KM,,0.00%,4.00%,No,5960,10323,13328,21073,27205
337,2245,178,163,180,5 KM,,0.00%,4.00%,No,6307,10924,14103,22299,28788
338,2245,178,163,180,5 KM,,0.00%,4.00%,No,6307,10924,14103,22299,28788
339,716,93,83,100,5 KM,50,0.00%,4.00%,No,2618,4536,5855,9259,11953
340,1991,151,142,220,5 KM,,0.00%,4.00%,No,5094,8824,11392,18013,23254
341,1107,141,113,86,5 KM,50,0.00%,4.00%,No,4323,7488,9666,15284,19732
342,2317,224,156,126,5 KM,,0.00%,4.00%,No,7655,13259,17118,27066,34942
343,676,77,131,80,5 KM,50,0.00%,4.00%,No,2722,4716,6088,9627,12428
344,1782,140,236,120,5 KM,,0.00%,4.00%,No,6015,10418,13450,21266,27455
345,1181,105,154,132,5 KM,50,0.00%,4.00%,No,3821,6618,8544,13509,17441
346,2081,152,198,172,5 KM,,0.00%,4.00%,No,5970,10340,13349,21107,27249
347,1310,176,100,90,5 KM,50,0.00%,4.00%,No,5017,8689,11218,17738,22900
348,2675,222,183,150,5 KM,,0.00%,4.00%,No,8168,14148,18265,28880,37285
349,220,29,102,40,5 KM,100,0.00%,4.00%,No,1165,2019,2606,4121,5321
350,2967,192,242,190,5 KM,,0.00%,4.00%,No,8128,14079,18175,28738,37101
351,1486,139,139,140,5 KM,,0.00%,4.00%,No,4681,8108,10467,16550,21366
352,1924,161,212,120,5 KM,,0.00%,4.00%,No,6495,11250,14523,22964,29646
353,872,138,66,88,3 KM,50,40.00%,10.00%,No,3372,5842,7542,11925,15395
354,2073,218,127,128,3 KM,,20.00%,7.00%,No,6801,11779,15207,24045,31042
355,523,70,162,40,3 KM,50,40.00%,10.00%,No,2770,4797,6193,9793,12643
356,1335,124,234,80,3 KM,,20.00%,7.00%,No,5372,9305,12013,18995,24522
357,1846,136,165,198,5 KM,,0.00%,4.00%,No,4962,8595,11096,17544,22650
358,2095,175,174,150,5 KM,,0.00%,4.00%,No,6398,11082,14306,22621,29203
359,2280,246,120,130,5 KM,,0.00%,4.00%,No,7428,12866,16609,26262,33904
360,503,41,86,190,5 KM,50,0.00%,4.00%,No,1378,2387,3082,4873,6292
361,772,95,95,100,5 KM,50,0.00%,4.00%,No,2825,4894,6319,9991,12898
362,1945,162,162,160,5 KM,,0.00%,4.00%,No,5768,9990,12897,20393,26327
363,876,95,90,140,5 KM,25,0.00%,4.00%,No,2760,4782,6173,9761,12602
364,1607,137,132,180,5 KM,100,0.00%,4.00%,No,4514,7818,10093,15960,20604
365,2606,182,176,220,5 KM,,0.00%,4.00%,No,6668,11550,14912,23578,30439
366,1091,133,149,70,5 KM,50,0.00%,4.00%,No,4642,8041,10381,16413,21190
367,2140,197,194,110,5 KM,,0.00%,4.00%,No,7507,13003,16786,26542,34266
368,2281,211,194,110,5 KM,,0.00%,4.00%,No,8003,13861,17895,28295,36528
369,2557,162,234,200,5 KM,,0.00%,4.00%,No,6841,11849,15297,24188,31226
370,735,81,134,86,5 KM,,0.00%,4.00%,No,2870,4971,6418,10148,13101
371,1053,134,107,90,5 KM,25,0.00%,4.00%,No,4031,6982,9014,14252,18400
372,1958,172,179,130,5 KM,100,0.00%,4.00%,No,6379,11050,14266,22556,29120
373,3532,277,168,190,5 KM,,0.00%,4.00%,No,9675,16758,21635,34208,44163
374,843,96,141,80,5 KM,25,0.00%,4.00%,No,3395,5881,7593,12006,15500
375,1570,138,185,120,5 KM,100,0.00%,4.00%,No,5300,9180,11851,18738,24191
376,3637,257,247,160,5 KM,,0.00%,4.00%,No,10784,18679,24114,38128,49223
377,3087,179,356,160,5 KM,,0.00%,4.00%,Yes,9153,15853,20466,32360,41777
378,3087,179,356,160,5 KM,,0.00%,4.00%,Yes,9153,15853,20466,32360,41777
379,2261,143,285,160,5 KM,,0.00%,4.00%,Yes,6703,11610,14989,23700,30596
380,3377,228,268,160,5 KM,,0.00%,4.00%,Yes,10013,17343,22390,35402,45704
381,3644,268,228,160,5 KM,,0.00%,4.00%,Yes,10806,18716,24162,38204,49322
382,4874,297,276,200,5 KM,,0.00%,4.00%,Yes,13036,22580,29151,46092,59505
383,4874,297,276,200,5 KM,,0.00%,4.00%,Yes,13036,22580,29151,46092,59505
384,4354,312,187,210,5 KM,,0.00%,4.00%,Yes,11384,19717,25455,40248,51961
385,3090,210,210,200,5 KM,,0.00%,4.00%,Yes,8267,14318,18485,29228,37733
386,15,1,1,1,5 KM,,0.00%,4.00%,Yes,156,271,350,554,715
387,1066,119,115,110,1 KM,,0.00%,0.00%,No,3742,6482,8368,13231,17081
388,1783,157,152,150,1 KM,,0.00%,0.00%,No,5444,9430,12174,19249,24850
389,2825,202,197,190,1 KM,,0.00%,0.00%,No,7739,13404,17305,27362,35325
390,815,113,86,88,1 KM,,0.00%,0.00%,No,3150,5457,7045,11140,14382
391,1415,158,105,128,1 KM,,0.00%,0.00%,No,4642,8040,10380,16412,21188
392,2464,222,151,152,1 KM,,0.00%,0.00%,No,7479,12955,16724,26444,34139
393,947,112,103,106,1 KM,,0.00%,0.00%,No,3379,5853,7556,11947,15424
394,1549,150,143,128,1 KM,,0.00%,0.00%,No,5080,8799,11359,17961,23188
395,2741,210,193,168,1 KM,,0.00%,0.00%,No,7948,13767,17773,28102,36280
396,603,101,58,80,1 KM,,0.00%,0.00%,No,2427,4204,5428,8583,11080
397,1170,142,99,110,1 KM,,0.00%,0.00%,No,4106,7111,9181,14517,18741
398,2675,234,145,170,1 KM,,0.00%,0.00%,No,7714,13362,17251,27276,35213
399,641,80,73,118,1 KM,,0.00%,0.00%,No,2182,3780,4881,7717,9963
400,1683,162,119,158,1 KM,,0.00%,0.00%,No,5018,8692,11222,17744,22907
401,333,45,74,74,1 KM,,0.00%,0.00%,No,1386,2401,3100,4902,6328
402,1523,160,100,154,1 KM,,0.00%,0.00%,No,4596,7962,10278,16252,20981
403,750,117,64,90,1 KM,,0.00%,0.00%,No,2873,4977,6426,10160,13117
404,1324,159,95,120,1 KM,,0.00%,0.00%,No,4470,7742,9995,15804,20403
405,2668,232,156,160,1 KM,,0.00%,0.00%,No,7911,13703,17691,27972,36111
406,766,91,126,80,1 KM,,0.00%,0.00%,No,3083,5340,6894,10900,14072
407,2783,243,206,120,1 KM,,0.00%,0.00%,No,9394,16272,21007,33215,42881
408,1685,218,75,134,1 KM,,0.00%,0.00%,No,5414,9378,12107,19142,24713
409,3179,295,114,194,1 KM,,0.00%,0.00%,No,8624,14938,19284,30492,39365
410,735,76,208,60,1 KM,,0.00%,0.00%,No,3328,5765,7443,11768,15193
411,1401,94,299,120,1 KM,,0.00%,0.00%,No,4731,8194,10579,16727,21594
412,409,53,83,80,1 KM,,0.00%,0.00%,No,1648,2856,3687,5829,7526
413,1616,141,189,120,1 KM,,0.00%,0.00%,No,5457,9453,12203,19296,24911
414,1653,185,98,140,1 KM,,0.00%,0.00%,No,5207,9019,11644,18411,23769
415,396,59,83,60,1 KM,,0.00%,0.00%,No,1794,3108,4012,6344,8190
416,1825,149,190,140,1 KM,,0.00%,0.00%,No,5751,9962,12861,20335,26252
417,1110,94,182,120,1 KM,,0.00%,0.00%,No,3747,6490,8379,13249,17104
418,946,132,70,110,1 KM,,0.00%,0.00%,No,3319,5749,7423,11737,15152
419,2312,221,118,170,1 KM,,0.00%,0.00%,No,6666,11547,14907,23570,30429
420,829,108,96,90,1 KM,,0.00%,0.00%,No,3174,5497,7097,11222,14488
421,1886,170,157,140,1 KM,,0.00%,0.00%,No,5943,10293,13289,21011,27126
422,1069,103,111,152,1 KM,,0.00%,0.00%,No,3244,5619,7254,11470,14808
423,2265,169,149,222,1 KM,,0.00%,0.00%,No,5771,9997,12906,20406,26344
424,2218,205,143,150,1 KM,,0.00%,0.00%,No,6773,11732,15146,23948,30917
425,1151,117,85,180,1 KM,,0.00%,0.00%,No,3233,5600,7229,11431,14758
426,2387,180,107,300,1 KM,,0.00%,0.00%,No,5275,9137,11797,18652,24080
427,1136,130,111,110,1 KM,,0.00%,0.00%,No,3986,6905,8914,14095,18197
428,1885,156,200,130,1 KM,,0.00%,0.00%,No,6141,10637,13733,21714,28033
429,2465,211,211,120,1 KM,,0.00%,0.00%,No,8322,14414,18609,29423,37985
430,2566,243,103,200,1 KM,,0.00%,0.00%,No,6864,11890,15350,24271,31333
431,823,109,85,98,1 KM,,0.00%,0.00%,No,3037,5260,6791,10738,13863
432,1798,172,136,142,1 KM,,0.00%,0.00%,No,5628,9749,12586,19900,25691
433,861,114,94,90,1 KM,,0.00%,0.00%,No,3298,5713,7376,11663,15057
434,1048,121,93,126,1 KM,,0.00%,0.00%,No,3461,5996,7741,12240,15801
435,2262,184,135,206,1 KM,,0.00%,0.00%,No,5970,10340,13349,21107,27249
436,534,43,154,114,1 KM,,0.00%,0.00%,No,1846,3198,4129,6529,8429
437,2026,161,213,134,1 KM,,0.00%,0.00%,No,6509,11274,14555,23014,29712
438,1213,124,155,100,1 KM,,0.00%,0.00%,No,4439,7689,9926,15695,20262
439,867,125,164,40,1 KM,,0.00%,0.00%,No,4588,7946,10259,16221,20941
440,401,25,105,200,1 KM,,0.00%,0.00%,No,1073,1859,2400,3794,4898
441,1653,183,92,152,1 KM,,0.00%,0.00%,No,5016,8689,11218,17737,22898
442,1802,169,199,100,1 KM,,0.00%,0.00%,No,6593,11419,14742,23310,30093
443,988,124,84,116,1 KM,,0.00%,0.00%,No,3387,5867,7575,11977,15462
444,1728,172,130,136,1 KM,,0.00%,0.00%,No,5515,9553,12333,19500,25175
445,3823,261,198,216,1 KM,,0.00%,0.00%,No,9866,17089,22062,34884,45035
449,1302,124,134,136,1 KM,,0.00%,0.00%,No,4156,7198,9293,14693,18969
450,3089,201,212,216,1 KM,,0.00%,0.00%,No,7971,13807,17824,28183,36384
451,889,93,168,80,1 KM,,0.00%,0.00%,No,3578,6198,8002,12652,16334
452,2319,180,219,140,1 KM,,0.00%,0.00%,No,7306,12655,16338,25832,33350
453,822,116,76,96,1 KM,,0.00%,0.00%,No,3061,5301,6844,10822,13971
454,2310,211,133,166,1 KM,,0.00%,0.00%,No,6734,11664,15059,23810,30739
455,1979,187,136,148,1 KM,,0.00%,0.00%,No,6080,10531,13595,21496,27752
456,853,96,119,98,1 KM,,0.00%,0.00%,No,3147,5451,7037,11127,14365
457,1671,142,175,138,1 KM,,0.00%,0.00%,No,5300,9181,11853,18741,24195
458,1157,105,212,90,1 KM,,0.00%,0.00%,No,4428,7670,9902,15657,20213
459,1054,115,110,120,1 KM,,0.00%,0.00%,No,3560,6166,7960,12587,16250
460,2245,178,163,180,1 KM,,0.00%,0.00%,No,6307,10924,14103,22299,28788
461,2815,243,182,140,1 KM,,0.00%,0.00%,No,8870,15363,19834,31360,40486
462,2996,238,217,140,1 KM,,0.00%,0.00%,No,9439,16349,21106,33372,43084
463,2359,161,181,220,1 KM,,0.00%,0.00%,No,6035,10453,13495,21338,27548
464,3869,241,224,230,1 KM,,0.00%,0.00%,No,9694,16790,21677,34274,44248
465,3110,207,219,200,1 KM,,0.00%,0.00%,No,8318,14407,18600,29409,37967
466,2904,249,173,150,1 KM,,0.00%,0.00%,No,8866,15357,19826,31348,40470
467,2980,247,186,150,1 KM,,0.00%,0.00%,No,9098,15759,20345,32168,41529
468,3171,225,227,170,1 KM,,0.00%,0.00%,No,9145,15840,20449,32333,41742
469,2873,231,172,172,1 KM,,0.00%,0.00%,No,8240,14272,18425,29133,37610
470,2849,216,254,130,1 KM,,0.00%,0.00%,No,9280,16074,20751,32810,42358
471,2866,238,212,130,1 KM,,0.00%,0.00%,No,9337,16172,20878,33011,42617
472,2602,185,248,150,1 KM,,0.00%,0.00%,No,7944,13760,17765,28089,36262
473,3289,247,157,220,1 KM,,0.00%,0.00%,No,8416,14578,18820,29757,38416
474,3072,264,153,170,1 KM,,0.00%,0.00%,No,8857,15342,19807,31317,40430
475,2964,237,220,136,1 KM,,0.00%,0.00%,No,9462,16389,21158,33455,43190
476,1863,135,278,120,1 KM,,0.00%,0.00%,No,6289,10893,14063,22235,28706
477,2046,180,254,90,1 KM,,0.00%,0.00%,No,7834,13568,17517,27697,35757
478,1857,171,150,140,1 KM,,0.00%,0.00%,No,5852,10136,13086,20691,26712
479,1767,185,159,100,1 KM,,0.00%,0.00%,No,6462,11192,14449,22847,29495
480,2316,156,270,150,1 KM,,0.00%,0.00%,Yes,7071,12247,15811,25000,32275
481,2825,212,212,160,1 KM,,0.00%,0.00%,Yes,8377,14510,18732,29618,38237
482,2945,270,151,150,1 KM,,0.00%,0.00%,Yes,8994,15578,20112,31800,41053
483,4654,302,242,200,1 KM,,0.00%,0.00%,Yes,12448,21560,27834,44010,56817
484,4559,308,247,180,1 KM,,0.00%,0.00%,Yes,12806,22181,28636,45277,58453
485,3521,251,213,182,1 KM,,0.00%,0.00%,Yes,9838,17040,21999,34784,44905
486,4955,315,231,220,1 KM,,0.00%,0.00%,Yes,12678,21959,28349,44824,57867
487,3965,206,247,300,1 KM,,0.00%,0.00%,Yes,8762,15176,19593,30979,39994
488,2777,152,263,240,1 KM,,0.00%,0.00%,Yes,6820,11813,15251,24114,31131
489,1945,162,162,160,1 KM,,0.00%,0.00%,Yes,5768,9990,12897,20393,26327
490,3090,210,210,200,1 KM,,0.00%,0.00%,Yes,8267,14318,18485,29228,37733
491,3404,285,198,140,1 KM,,0.00%,0.00%,Yes,10724,18575,23981,37917,48951
492,3090,210,210,200,1 KM,,0.00%,0.00%,Yes,8267,14318,18485,29228,37733
493,4598,262,262,240,1 KM,,0.00%,0.00%,Yes,11292,19559,25251,39925,51543
494,3090,210,210,200,1 KM,,0.00%,0.00%,Yes,8267,14318,18485,29228,37733
495,728,88,107,90,1 KM,,0.00%,0.00%,No,2786,4826,6231,9852,12719
496,1284,122,152,120,1 KM,,0.00%,0.00%,No,4336,7511,9697,15332,19794
497,2089,161,204,150,1 KM,,0.00%,0.00%,No,6379,11050,14265,22556,29119
498,977,115,85,130,1 KM,,0.00%,0.00%,No,3184,5515,7120,11258,14534
499,1803,173,106,180,1 KM,,0.00%,0.00%,No,5065,8773,11326,17909,23120
500,2852,235,127,220,1 KM,,0.00%,0.00%,No,7297,12639,16317,25799,33307
501,921,117,85,110,1 KM,,0.00%,0.00%,No,3233,5600,7229,11431,14758
502,1597,159,116,150,1 KM,,0.00%,0.00%,No,4878,8449,10908,17247,22265
503,2715,212,164,190,1 KM,,0.00%,0.00%,No,7439,12885,16634,26301,33955
504,678,98,73,90,1 KM,,0.00%,0.00%,No,2596,4497,5806,9180,11851
505,1621,165,139,120,1 KM,,0.00%,0.00%,No,5471,9476,12234,19344,24973
506,784,107,86,90,1 KM,,0.00%,0.00%,No,3003,5201,6715,10618,13708
507,1428,145,126,130,1 KM,,0.00%,0.00%,No,4653,8060,10406,16453,21241
508,2635,206,182,170,1 KM,,0.00%,0.00%,No,7598,13160,16989,26863,34680
509,652,98,73,82,1 KM,,0.00%,0.00%,No,2596,4497,5806,9180,11851
510,1659,187,106,128,1 KM,,0.00%,0.00%,No,5442,9427,12170,19243,24842
511,832,104,94,100,1 KM,,0.00%,0.00%,No,3043,5271,6804,10759,13890
512,2156,206,133,150,1 KM,,0.00%,0.00%,No,6585,11406,14725,23283,30059
513,832,104,94,100,1 KM,,0.00%,0.00%,No,3043,5271,6804,10759,13890
514,2156,206,133,150,1 KM,,0.00%,0.00%,No,6585,11406,14725,23283,30059
515,832,104,94,100,1 KM,,0.00%,0.00%,No,3043,5271,6804,10759,13890
516,2156,206,133,150,1 KM,,0.00%,0.00%,No,6585,11406,14725,23283,30059
517,1076,111,97,152,1 KM,,0.00%,0.00%,No,3266,5657,7303,11548,14908
518,2650,183,171,232,1 KM,,0.00%,0.00%,No,6614,11456,14790,23385,30190
519,771,98,89,100,1 KM,,0.00%,0.00%,No,2822,4889,6311,9979,12883
520,1345,144,117,124,1 KM,,0.00%,0.00%,No,4474,7750,10005,15820,20423
521,2634,226,160,160,1 KM,,0.00%,0.00%,No,7809,13526,17462,27610,35644
522,756,118,64,90,1 KM,,0.00%,0.00%,No,2895,5015,6474,10237,13216
523,2228,211,136,150,1 KM,,0.00%,0.00%,No,6802,11782,15210,24050,31049
524,1166,121,136,110,1 KM,,0.00%,0.00%,No,4093,7090,9153,14472,18684
525,2015,174,173,140,1 KM,,0.00%,0.00%,No,6347,10994,14193,22442,28973
526,3158,226,223,170,1 KM,,0.00%,0.00%,No,9107,15773,20364,32198,41568
527,917,107,85,130,1 KM,,0.00%,0.00%,No,2988,5176,6682,10565,13640
528,1553,161,119,134,1 KM,,0.00%,0.00%,No,4990,8643,11159,17643,22778
529,1244,154,88,120,1 KM,,0.00%,0.00%,No,4201,7276,9394,14853,19176
530,3134,255,132,220,1 KM,,0.00%,0.00%,No,8018,13888,17930,28350,36599
531,1598,114,163,206,1 KM,,0.00%,0.00%,No,4215,7301,9426,14904,19242
532,1265,134,97,150,1 KM,,0.00%,0.00%,No,3862,6690,8636,13656,17629
533,2127,180,150,170,1 KM,,0.00%,0.00%,No,6135,10627,13719,21692,28004
534,3305,243,172,210,1 KM,,0.00%,0.00%,No,8642,14968,19324,30554,39445
535,729,98,78,100,1 KM,,0.00%,0.00%,No,2669,4623,5968,9437,12183
536,1277,128,109,150,1 KM,,0.00%,0.00%,No,3900,6755,8721,13790,17803
537,2442,188,150,210,1 KM,,0.00%,0.00%,No,6387,11063,14282,22582,29153
538,2467,172,160,240,1 KM,,0.00%,0.00%,No,6059,10495,13549,21423,27657
539,2558,231,153,150,1 KM,,0.00%,0.00%,No,7810,13527,17464,27613,35648
540,852,96,129,90,1 KM,,0.00%,0.00%,No,3262,5651,7295,11535,14892
541,1221,115,166,110,1 KM,,0.00%,0.00%,No,4284,7420,9579,15146,19554
542,2368,205,165,150,1 KM,,0.00%,0.00%,No,7229,12522,16166,25561,33000
543,590,83,109,60,1 KM,,0.00%,0.00%,No,2673,4629,5977,9450,12200
544,982,100,182,80,1 KM,,0.00%,0.00%,No,3953,6848,8840,13978,18046
545,2242,203,186,120,1 KM,,0.00%,0.00%,No,7570,13112,16928,26766,34554
546,599,71,116,80,1 KM,,0.00%,0.00%,No,2411,4176,5391,8524,11004
547,1823,164,182,120,1 KM,,0.00%,0.00%,No,6154,10659,13760,21757,28089
548,882,119,91,90,1 KM,,0.00%,0.00%,No,3379,5853,7556,11947,15424
549,2321,214,155,140,1 KM,,0.00%,0.00%,No,7313,12667,16353,25857,33382
550,1936,189,134,140,1 KM,,0.00%,0.00%,No,6099,10564,13639,21565,27840
551,902,132,69,100,1 KM,,0.00%,0.00%,No,3300,5716,7379,11667,15063
552,1264,155,90,120,1 KM,,0.00%,0.00%,No,4266,7390,9541,15086,19475
553,2911,229,163,190,1 KM,,0.00%,0.00%,No,7973,13811,17830,28192,36396
554,1312,153,86,140,1 KM,,0.00%,0.00%,No,4135,7163,9247,14621,18876
555,2958,263,114,210,1 KM,,0.00%,0.00%,No,7734,13396,17294,27344,35301
556,2086,201,130,150,1 KM,,0.00%,0.00%,No,6371,11035,14246,22525,29079
557,1151,118,152,100,1 KM,,0.00%,0.00%,No,4210,7291,9413,14884,19216
558,2440,188,224,140,1 KM,,0.00%,0.00%,No,7687,13314,17189,27178,35087
559,1193,132,132,100,1 KM,,0.00%,0.00%,No,4365,7561,9761,15435,19926
560,2060,163,222,130,1 KM,,0.00%,0.00%,No,6712,11626,15009,23731,30637
561,2326,204,167,144,1 KM,,0.00%,0.00%,No,7236,12534,16182,25586,33031
562,841,95,150,76,1 KM,,0.00%,0.00%,No,3461,5994,7739,12236,15797
563,2090,163,255,116,1 KM,,0.00%,0.00%,No,7164,12409,16020,25329,32700
564,1411,134,172,108,1 KM,,0.00%,0.00%,No,4990,8644,11160,17645,22780
565,2573,192,228,148,1 KM,,0.00%,0.00%,No,7904,13690,17673,27945,36076
566,1623,213,89,110,1 KM,,0.00%,0.00%,No,5695,9864,12735,20136,25995
567,3056,292,139,150,1 KM,,0.00%,0.00%,No,9331,16163,20866,32993,42594
568,870,96,122,100,1 KM,,0.00%,0.00%,No,3182,5512,7116,11251,14525
569,2166,181,164,160,1 KM,,0.00%,0.00%,No,6423,11125,14362,22709,29318
570,986,153,78,80,1 KM,,0.00%,0.00%,No,3968,6873,8873,14030,18113
571,2291,250,127,120,1 KM,,0.00%,0.00%,No,7735,13397,17296,27347,35305
572,769,98,80,110,1 KM,,0.00%,0.00%,No,2697,4672,6032,9538,12313
573,2057,198,130,150,1 KM,,0.00%,0.00%,No,6282,10881,14048,22212,28676
574,834,98,118,90,1 KM,,0.00%,0.00%,No,3192,5528,7137,11285,14569
575,1455,137,159,120,1 KM,,0.00%,0.00%,No,4911,8506,10981,17363,22416
576,2237,176,212,140,1 KM,,0.00%,0.00%,No,7048,12209,15761,24921,32173
577,1195,170,87,90,1 KM,,0.00%,0.00%,No,4576,7926,10233,16180,20889
578,1852,208,107,130,1 KM,,0.00%,0.00%,No,6033,10450,13491,21331,27538
579,2841,214,153,220,1 KM,,0.00%,0.00%,No,7270,12592,16257,25705,33185
580,768,84,96,124,1 KM,,0.00%,0.00%,No,2554,4425,5712,9032,11661
581,1916,182,132,150,1 KM,,0.00%,0.00%,No,5850,10133,13082,20684,26704
582,869,118,111,72,1 KM,,0.00%,0.00%,No,3656,6333,8177,12929,16691
583,1409,151,143,102,1 KM,,0.00%,0.00%,No,5111,8852,11428,18070,23328
584,2610,218,190,142,1 KM,,0.00%,0.00%,No,8171,14153,18272,28891,37298
585,1011,115,100,120,1 KM,,0.00%,0.00%,No,3414,5914,7635,12073,15586
586,2233,198,146,160,1 KM,,0.00%,0.00%,No,6620,11466,14803,23405,30216
587,1439,158,127,110,1 KM,,0.00%,0.00%,No,5049,8746,11291,17853,23048
588,1028,137,87,100,1 KM,,0.00%,0.00%,No,3760,6512,8408,13294,17163
589,2630,223,187,140,1 KM,,0.00%,0.00%,No,8285,14351,18527,29294,37818
590,907,97,95,138,1 KM,,0.00%,0.00%,No,2877,4983,6433,10172,13133
591,2087,155,144,228,1 KM,,0.00%,0.00%,No,5250,9094,11741,18564,23966
592,1166,115,150,110,1 KM,,0.00%,0.00%,No,4090,7084,9146,14461,18669
593,2309,159,195,200,1 KM,,0.00%,0.00%,No,6176,10697,13810,21836,28191
594,2266,138,148,330,1 KM,,0.00%,0.00%,No,4784,8287,10699,16916,21839
595,889,110,98,100,1 KM,,0.00%,0.00%,No,3254,5637,7277,11507,14856
596,2008,201,128,140,1 KM,,0.00%,0.00%,No,6326,10958,14147,22369,28878
597,806,82,157,88,1 KM,,0.00%,0.00%,No,3116,5397,6967,11017,14222
598,2159,158,230,148,1 KM,,0.00%,0.00%,No,6632,11488,14831,23450,30275
599,816,98,126,80,1 KM,,0.00%,0.00%,No,3286,5692,7349,11620,15001
600,1667,150,179,120,1 KM,,0.00%,0.00%,No,5629,9750,12587,19902,25694
601,2430,199,230,120,1 KM,,0.00%,0.00%,No,8204,14211,18346,29008,37450
602,666,105,78,70,1 KM,,0.00%,0.00%,No,2834,4909,6338,10021,12938
603,1548,156,130,130,1 KM,,0.00%,0.00%,No,5043,8736,11278,17832,23021
604,2546,217,152,170,1 KM,,0.00%,0.00%,No,7343,12719,16421,25964,33519
605,1220,148,100,110,1 KM,,0.00%,0.00%,No,4281,7416,9574,15137,19543
606,2589,221,172,150,1 KM,,0.00%,0.00%,No,7905,13692,17676,27948,36081
607,875,108,98,100,1 KM,,0.00%,0.00%,No,3202,5547,7161,11323,14618
608,1522,169,115,120,1 KM,,0.00%,0.00%,No,5138,8900,11490,18168,23455
609,2913,271,182,120,1 KM,,0.00%,0.00%,No,9832,17030,21986,34764,44880
610,1225,154,111,92,1 KM,,0.00%,0.00%,No,4646,8048,10390,16428,21209
611,2091,212,133,132,1 KM,,0.00%,0.00%,No,6764,11716,15125,23915,30875
612,3395,284,183,152,1 KM,,0.00%,0.00%,No,10305,17850,23044,36436,47039
613,942,128,74,110,1 KM,,0.00%,0.00%,No,3304,5723,7389,11683,15082
614,2865,233,152,190,1 KM,,0.00%,0.00%,No,7850,13597,17553,27754,35831
615,2829,190,264,160,1 KM,,0.00%,0.00%,No,8387,14527,18754,29654,38283
616,746,72,149,100,1 KM,,0.00%,0.00%,No,2729,4726,6102,9648,12456
617,2346,220,131,160,1 KM,,0.00%,0.00%,No,6955,12047,15552,24590,31746
618,2100,144,177,218,1 KM,,0.00%,0.00%,No,5396,9347,12067,19080,24632
619,1190,160,98,90,1 KM,,0.00%,0.00%,No,4556,7892,10189,16110,20798
620,2446,258,127,130,1 KM,,0.00%,0.00%,No,7968,13802,17818,28173,36371
621,2517,213,170,154,1 KM,,0.00%,0.00%,No,7596,13157,16985,26856,34671
622,1058,127,92,118,1 KM,,0.00%,0.00%,No,3597,6231,8045,12720,16422
623,2673,222,154,178,1 KM,,0.00%,0.00%,No,7546,13071,16875,26682,34446
624,1297,154,129,90,1 KM,,0.00%,0.00%,No,4967,8604,11107,17562,22673
625,2666,232,191,130,1 KM,,0.00%,0.00%,No,8683,15040,19417,30701,39635
626,2635,195,182,190,1 KM,,0.00%,0.00%,No,7219,12505,16144,25526,32953
627,1357,150,97,140,1 KM,,0.00%,0.00%,No,4277,7408,9564,15122,19523
628,2923,232,152,200,1 KM,,0.00%,0.00%,No,7818,13542,17482,27643,35687
629,1176,105,144,140,1 KM,,0.00%,0.00%,No,3706,6419,8287,13104,16917
630,2068,129,210,220,1 KM,,0.00%,0.00%,No,5290,9164,11830,18706,24149
631,2232,204,129,170,1 KM,,0.00%,0.00%,No,6437,11149,14394,22759,29381
632,2553,217,222,116,1 KM,,0.00%,0.00%,No,8748,15152,19562,30930,39931
633,927,116,93,104,1 KM,,0.00%,0.00%,No,3334,5775,7456,11790,15220
634,1678,159,135,144,1 KM,,0.00%,0.00%,No,5220,9041,11672,18455,23825
635,3401,256,188,184,1 KM,,0.00%,0.00%,No,9457,16381,21148,33438,43169
636,1318,156,107,110,1 KM,,0.00%,0.00%,No,4626,8013,10345,16357,21116
637,3555,264,210,170,1 KM,,0.00%,0.00%,No,10251,17755,22922,36243,46789
638,3009,192,260,182,1 KM,,0.00%,0.00%,Yes,8408,14563,18801,29728,38378
639,3468,260,192,182,1 KM,,0.00%,0.00%,Yes,9691,16786,21670,34264,44235
640,3009,192,260,182,1 KM,,0.00%,0.00%,Yes,8408,14563,18801,29728,38378
641,3131,266,169,158,1 KM,,0.00%,0.00%,Yes,9336,16171,20877,33010,42615
642,3131,266,169,158,1 KM,,0.00%,0.00%,Yes,9336,16171,20877,33010,42615
643,4654,302,242,200,1 KM,,0.00%,0.00%,Yes,12448,21560,27834,44010,56817
644,4654,302,242,200,1 KM,,0.00%,0.00%,Yes,12448,21560,27834,44010,56817
645,3403,261,187,178,1 KM,,0.00%,0.00%,Yes,9608,16642,21485,33971,43857
646,4118,270,187,250,1 KM,,0.00%,0.00%,Yes,9921,17185,22186,35079,45287
647,3468,260,192,182,1 KM,,0.00%,0.00%,Yes,9691,16786,21670,34264,44235
648,3950,250,250,200,1 KM,,0.00%,0.00%,Yes,10566,18302,23628,37359,48230
649,3056,252,199,142,1 KM,,0.00%,0.00%,Yes,9567,16571,21393,33825,43668
